record,series,episode,task_no,task_type,task_name,player,contestant,score,title,air_date,tiebreak_winner,full_name,accent_color,portrait_url,bio,analysis
contestant,21,,,,,,Amy,,,,,Amy Gledhill,#6f82ff,img/s21/amy-portrait.webp,<strong>Amy Gledhill</strong> won the Edinburgh Comedy Award in 2024 and is one half of cult double act The Delightful Sausage. A northern stand-up with a gift for absurdist commitment.,
contestant,21,,,,,,Armando,,,,,Armando Iannucci,#f05c37,img/s21/armando-portrait.webp,"<strong>Armando Iannucci</strong> is the Scottish satirist behind The Thick of It and Veep, the director of The Death of Stalin and a co-creator of Alan Partridge.",
contestant,21,,,,,,Joanna,,,,,Joanna Page,#30b050,img/s21/joanna-portrait.webp,"<strong>Joanna Page</strong> is the Welsh actor who played Stacey in Gavin & Stacey, and Judy, the stand-in, in Love Actually.",
contestant,21,,,,,,Joel,,,,,Joel Dommett,#3296c8,img/s21/joel-portrait.webp,"<strong>Joel Dommett</strong> is a stand-up and presenter who hosts The Masked Singer UK, and first found wide fame on I’m a Celebrity… Get Me Out of Here!",
contestant,21,,,,,,Kumail,,,,,Kumail Nanjiani,#c060fa,img/s21/kumail-portrait.webp,"<strong>Kumail Nanjiani</strong> is a Pakistani-American comedian and actor (Silicon Valley, Eternals) who co-wrote The Big Sick with his wife, Emily V. Gordon, earning an Oscar nomination.",
player,21,,,,,Alex,,,,,,,,,,
player,21,,,,,Amanda,,,,,,,,,,
player,21,,,,,Amy,,,,,,,,,,
player,21,,,,,Blinky,,,,,,,,,,
player,21,,,,,Brady,,,,,,,,,,
player,21,,,,,Celia,,,,,,,,,,
player,21,,,,,Claire,,,,,,,,,,
player,21,,,,,Ellen,,,,,,,,,,
player,21,,,,,Elyse,,,,,,,,,,
player,21,,,,,Emma,,,,,,,,,,
player,21,,,,,Jamie,,,,,,,,,,
player,21,,,,,Jill,,,,,,,,,,
player,21,,,,,Julia,,,,,,,,,,
player,21,,,,,Katherine,,,,,,,,,,
player,21,,,,,Kevin,,,,,,,,,,
player,21,,,,,Melissa,,,,,,,,,,
player,21,,,,,Riley,,,,,,,,,,
episode,21,1,,,,,,,Cube is good.,9 Apr 2026,,,,,,"<strong>Joanna</strong> opened with 22pts, taking the live orange task outright (5–0–0–0–0). Armando and Joel tied on 11pts. Kumail's 9pts was the series low. Range of 13pts — tied with ep5 for the widest spread of the series."
score,21,1,1,P,Prize: Deter people from premises,,Amy,5,,,,,,,,
score,21,1,1,P,Prize: Deter people from premises,,Armando,3,,,,,,,,
score,21,1,1,P,Prize: Deter people from premises,,Joanna,4,,,,,,,,
score,21,1,1,P,Prize: Deter people from premises,,Joel,1,,,,,,,,
score,21,1,1,P,Prize: Deter people from premises,,Kumail,2,,,,,,,,
score,21,1,2,F,Find a worm,,Amy,4,,,,,,,,
score,21,1,2,F,Find a worm,,Armando,2,,,,,,,,
score,21,1,2,F,Find a worm,,Joanna,3,,,,,,,,
score,21,1,2,F,Find a worm,,Joel,5,,,,,,,,
score,21,1,2,F,Find a worm,,Kumail,1,,,,,,,,
score,21,1,3,T,Team: Give Greg five foods,,Amy,3,,,,,,,,
score,21,1,3,T,Team: Give Greg five foods,,Armando,5,,,,,,,,
score,21,1,3,T,Team: Give Greg five foods,,Joanna,5,,,,,,,,
score,21,1,3,T,Team: Give Greg five foods,,Joel,3,,,,,,,,
score,21,1,3,T,Team: Give Greg five foods,,Kumail,3,,,,,,,,
score,21,1,4,F,Put most T-shirts on Alex,,Amy,4,,,,,,,,
score,21,1,4,F,Put most T-shirts on Alex,,Armando,1,,,,,,,,
score,21,1,4,F,Put most T-shirts on Alex,,Joanna,5,,,,,,,,
score,21,1,4,F,Put most T-shirts on Alex,,Joel,2,,,,,,,,
score,21,1,4,F,Put most T-shirts on Alex,,Kumail,3,,,,,,,,
score,21,1,5,L,Live: Find four oranges,,Amy,0,,,,,,,,
score,21,1,5,L,Live: Find four oranges,,Armando,0,,,,,,,,
score,21,1,5,L,Live: Find four oranges,,Joanna,5,,,,,,,,
score,21,1,5,L,Live: Find four oranges,,Joel,0,,,,,,,,
score,21,1,5,L,Live: Find four oranges,,Kumail,0,,,,,,,,
pick,21,1,,,,Alex,Kumail,,,,,,,,,
pick,21,1,,,,Amanda,Armando,,,,,,,,,
pick,21,1,,,,Amy,Armando,,,,,,,,,
pick,21,1,,,,Blinky,Amy,,,,,,,,,
pick,21,1,,,,Brady,Kumail,,,,,,,,,
pick,21,1,,,,Claire,Joanna,,,,,,,,,
pick,21,1,,,,Ellen,Joanna,,,,,,,,,
pick,21,1,,,,Elyse,Amy,,,,,,,,,
pick,21,1,,,,Emma,Joel,,,,,,,,,
pick,21,1,,,,Jamie,Joel,,,,,,,,,
pick,21,1,,,,Jill,Joel,,,,,,,,,
pick,21,1,,,,Julia,Armando,,,,,,,,,
pick,21,1,,,,Kevin,Joel,,,,,,,,,
pick,21,1,,,,Melissa,Joanna,,,,,,,,,
pick,21,1,,,,Riley,Amy,,,,,,,,,
episode,21,2,,,,,,,"Leg up, Johnny!",16 Apr 2026,,,,,,<strong>Amy</strong> won with 20pts. Armando was disqualified on the bowling task. Kumail's bold choice of the full outfit paid off with 5pts. One of the tightest episodes of the series — just 7pts between 1st and 5th.
score,21,2,1,P,Prize: Most unquestionable beauty,,Amy,5,,,,,,,,
score,21,2,1,P,Prize: Most unquestionable beauty,,Armando,4,,,,,,,,
score,21,2,1,P,Prize: Most unquestionable beauty,,Joanna,5,,,,,,,,
score,21,2,1,P,Prize: Most unquestionable beauty,,Joel,3,,,,,,,,
score,21,2,1,P,Prize: Most unquestionable beauty,,Kumail,1,,,,,,,,
score,21,2,2,F,Bowling outfit / ball in bucket,,Amy,2,,,,,,,,
score,21,2,2,F,Bowling outfit / ball in bucket,,Armando,DQ,,,,,,,,
score,21,2,2,F,Bowling outfit / ball in bucket,,Joanna,4,,,,,,,,
score,21,2,2,F,Bowling outfit / ball in bucket,,Joel,3,,,,,,,,
score,21,2,2,F,Bowling outfit / ball in bucket,,Kumail,5,,,,,,,,
score,21,2,3,F,Mirror your reflection,,Amy,4,,,,,,,,
score,21,2,3,F,Mirror your reflection,,Armando,5,,,,,,,,
score,21,2,3,F,Mirror your reflection,,Joanna,3,,,,,,,,
score,21,2,3,F,Mirror your reflection,,Joel,2,,,,,,,,
score,21,2,3,F,Mirror your reflection,,Kumail,1,,,,,,,,
score,21,2,4,F,Most things before balloon pops,,Amy,4,,,,,,,,
score,21,2,4,F,Most things before balloon pops,,Armando,2,,,,,,,,
score,21,2,4,F,Most things before balloon pops,,Joanna,5,,,,,,,,
score,21,2,4,F,Most things before balloon pops,,Joel,1,,,,,,,,
score,21,2,4,F,Most things before balloon pops,,Kumail,4,,,,,,,,
score,21,2,5,L,Live: Word the piper is piping,,Amy,5,,,,,,,,
score,21,2,5,L,Live: Word the piper is piping,,Armando,4,,,,,,,,
score,21,2,5,L,Live: Word the piper is piping,,Joanna,2,,,,,,,,
score,21,2,5,L,Live: Word the piper is piping,,Joel,4,,,,,,,,
score,21,2,5,L,Live: Word the piper is piping,,Kumail,2,,,,,,,,
pick,21,2,,,,Alex,Armando,,,,,,,,,
pick,21,2,,,,Amanda,Joel,,,,,,,,,
pick,21,2,,,,Amy,Joanna,,,,,,,,,
pick,21,2,,,,Blinky,Joel,,,,,,,,,
pick,21,2,,,,Brady,Amy,,,,,,,,,
pick,21,2,,,,Claire,Joel,,,,,,,,,
pick,21,2,,,,Ellen,Joel,,,,,,,,,
pick,21,2,,,,Elyse,Kumail,,,,,,,,,
pick,21,2,,,,Emma,Armando,,,,,,,,,
pick,21,2,,,,Jamie,Amy,,,,,,,,,
pick,21,2,,,,Jill,Amy,,,,,,,,,
pick,21,2,,,,Julia,Amy,,,,,,,,,
pick,21,2,,,,Katherine,Amy,,,,,,,,,
pick,21,2,,,,Kevin,Amy,,,,,,,,,
pick,21,2,,,,Melissa,Kumail,,,,,,,,,
pick,21,2,,,,Riley,Kumail,,,,,,,,,
episode,21,3,,,,,,,A creepy bit of advice.,23 Apr 2026,,,,,,<strong>Amy</strong> won back-to-back with 22pts — the only contestant to do so. Kumail's resurgence (19pts) began here after his difficult opener. Joel and Joanna tied last on 12pts.
score,21,3,1,P,Prize: Fun thing to drag on string,,Amy,3,,,,,,,,
score,21,3,1,P,Prize: Fun thing to drag on string,,Armando,5,,,,,,,,
score,21,3,1,P,Prize: Fun thing to drag on string,,Joanna,1,,,,,,,,
score,21,3,1,P,Prize: Fun thing to drag on string,,Joel,2,,,,,,,,
score,21,3,1,P,Prize: Fun thing to drag on string,,Kumail,4,,,,,,,,
score,21,3,2,F,Headphones: build the tower,,Amy,4,,,,,,,,
score,21,3,2,F,Headphones: build the tower,,Armando,1,,,,,,,,
score,21,3,2,F,Headphones: build the tower,,Joanna,5,,,,,,,,
score,21,3,2,F,Headphones: build the tower,,Joel,3,,,,,,,,
score,21,3,2,F,Headphones: build the tower,,Kumail,2,,,,,,,,
score,21,3,3,T,Team: Paint while hugging,,Amy,5,,,,,,,,
score,21,3,3,T,Team: Paint while hugging,,Armando,1,,,,,,,,
score,21,3,3,T,Team: Paint while hugging,,Joanna,1,,,,,,,,
score,21,3,3,T,Team: Paint while hugging,,Joel,5,,,,,,,,
score,21,3,3,T,Team: Paint while hugging,,Kumail,5,,,,,,,,
score,21,3,4,F,Staircase: no repeat letters,,Amy,5,,,,,,,,
score,21,3,4,F,Staircase: no repeat letters,,Armando,3,,,,,,,,
score,21,3,4,F,Staircase: no repeat letters,,Joanna,2,,,,,,,,
score,21,3,4,F,Staircase: no repeat letters,,Joel,1,,,,,,,,
score,21,3,4,F,Staircase: no repeat letters,,Kumail,4,,,,,,,,
score,21,3,5,L,Live: Transfer Greg's balls,,Amy,5,,,,,,,,
score,21,3,5,L,Live: Transfer Greg's balls,,Armando,3,,,,,,,,
score,21,3,5,L,Live: Transfer Greg's balls,,Joanna,3,,,,,,,,
score,21,3,5,L,Live: Transfer Greg's balls,,Joel,1,,,,,,,,
score,21,3,5,L,Live: Transfer Greg's balls,,Kumail,4,,,,,,,,
pick,21,3,,,,Alex,Joanna,,,,,,,,,
pick,21,3,,,,Amanda,Amy,,,,,,,,,
pick,21,3,,,,Amy,Joel,,,,,,,,,
pick,21,3,,,,Blinky,Armando,,,,,,,,,
pick,21,3,,,,Brady,Armando,,,,,,,,,
pick,21,3,,,,Claire,Amy,,,,,,,,,
pick,21,3,,,,Ellen,Amy,,,,,,,,,
pick,21,3,,,,Elyse,Armando,,,,,,,,,
pick,21,3,,,,Emma,Amy,,,,,,,,,
pick,21,3,,,,Jamie,Joanna,,,,,,,,,
pick,21,3,,,,Jill,Kumail,,,,,,,,,
pick,21,3,,,,Julia,Joanna,,,,,,,,,
pick,21,3,,,,Katherine,Armando,,,,,,,,,
pick,21,3,,,,Kevin,Armando,,,,,,,,,
pick,21,3,,,,Melissa,Joel,,,,,,,,,
pick,21,3,,,,Riley,Armando,,,,,,,,,
episode,21,4,,,,,,,Lou Reed and The Wombles.,30 Apr 2026,,,,,,<strong>Joel</strong> broke out with 20pts. Armando disqualified on the cloche task. Kumail (18pts) continued upward. Four contestants within 4pts of each other.
score,21,4,1,P,Prize: Two things better combined,,Amy,1,,,,,,,,
score,21,4,1,P,Prize: Two things better combined,,Armando,4,,,,,,,,
score,21,4,1,P,Prize: Two things better combined,,Joanna,3,,,,,,,,
score,21,4,1,P,Prize: Two things better combined,,Joel,5,,,,,,,,
score,21,4,1,P,Prize: Two things better combined,,Kumail,2,,,,,,,,
score,21,4,2,F,Make something boring exciting,,Amy,3,,,,,,,,
score,21,4,2,F,Make something boring exciting,,Armando,1,,,,,,,,
score,21,4,2,F,Make something boring exciting,,Joanna,5,,,,,,,,
score,21,4,2,F,Make something boring exciting,,Joel,5,,,,,,,,
score,21,4,2,F,Make something boring exciting,,Kumail,4,,,,,,,,
score,21,4,3,F,Work out food under cloche,,Amy,4,,,,,,,,
score,21,4,3,F,Work out food under cloche,,Armando,DQ,,,,,,,,
score,21,4,3,F,Work out food under cloche,,Joanna,5,,,,,,,,
score,21,4,3,F,Work out food under cloche,,Joel,DQ,,,,,,,,
score,21,4,3,F,Work out food under cloche,,Kumail,3,,,,,,,,
score,21,4,4,F,Complete all three tasks,,Amy,3,,,,,,,,
score,21,4,4,F,Complete all three tasks,,Armando,2,,,,,,,,
score,21,4,4,F,Complete all three tasks,,Joanna,1,,,,,,,,
score,21,4,4,F,Complete all three tasks,,Joel,5,,,,,,,,
score,21,4,4,F,Complete all three tasks,,Kumail,4,,,,,,,,
score,21,4,5,L,Team Live: Communicate item silently,,Amy,5,,,,,,,,
score,21,4,5,L,Team Live: Communicate item silently,,Armando,3,,,,,,,,
score,21,4,5,L,Team Live: Communicate item silently,,Joanna,3,,,,,,,,
score,21,4,5,L,Team Live: Communicate item silently,,Joel,5,,,,,,,,
score,21,4,5,L,Team Live: Communicate item silently,,Kumail,5,,,,,,,,
pick,21,4,,,,Alex,Joanna,,,,,,,,,
pick,21,4,,,,Amanda,Amy,,,,,,,,,
pick,21,4,,,,Amy,Amy,,,,,,,,,
pick,21,4,,,,Blinky,Kumail,,,,,,,,,
pick,21,4,,,,Brady,Joanna,,,,,,,,,
pick,21,4,,,,Celia,Joel,,,,,,,,,
pick,21,4,,,,Claire,Armando,,,,,,,,,
pick,21,4,,,,Ellen,Kumail,,,,,,,,,
pick,21,4,,,,Elyse,Joanna,,,,,,,,,
pick,21,4,,,,Emma,Joanna,,,,,,,,,
pick,21,4,,,,Jamie,Amy,,,,,,,,,
pick,21,4,,,,Jill,Armando,,,,,,,,,
pick,21,4,,,,Julia,Joel,,,,,,,,,
pick,21,4,,,,Katherine,Joanna,,,,,,,,,
pick,21,4,,,,Kevin,Kumail,,,,,,,,,
pick,21,4,,,,Melissa,Armando,,,,,,,,,
pick,21,4,,,,Riley,Joel,,,,,,,,,
episode,21,5,,,,,,,I corroborate.,7 May 2026,,,,,,"<strong>Armando's episode</strong> — 24pts, the highest score of the series. He swept the filmed tasks. Amy had her worst week (11pts). Armando now leads prize tasks despite sitting last overall."
score,21,5,1,P,Prize: Surprising big thing to conceal,,Amy,2,,,,,,,,
score,21,5,1,P,Prize: Surprising big thing to conceal,,Armando,5,,,,,,,,
score,21,5,1,P,Prize: Surprising big thing to conceal,,Joanna,1,,,,,,,,
score,21,5,1,P,Prize: Surprising big thing to conceal,,Joel,4,,,,,,,,
score,21,5,1,P,Prize: Surprising big thing to conceal,,Kumail,3,,,,,,,,
score,21,5,2,F,Write & make a prediction,,Amy,3,,,,,,,,
score,21,5,2,F,Write & make a prediction,,Armando,5,,,,,,,,
score,21,5,2,F,Write & make a prediction,,Joanna,3,,,,,,,,
score,21,5,2,F,Write & make a prediction,,Joel,3,,,,,,,,
score,21,5,2,F,Write & make a prediction,,Kumail,4,,,,,,,,
score,21,5,3,T,Team: Win sardines,,Amy,3,,,,,,,,
score,21,5,3,T,Team: Win sardines,,Armando,5,,,,,,,,
score,21,5,3,T,Team: Win sardines,,Joanna,5,,,,,,,,
score,21,5,3,T,Team: Win sardines,,Joel,3,,,,,,,,
score,21,5,3,T,Team: Win sardines,,Kumail,3,,,,,,,,
score,21,5,4,F,Get a ball in the glass,,Amy,2,,,,,,,,
score,21,5,4,F,Get a ball in the glass,,Armando,5,,,,,,,,
score,21,5,4,F,Get a ball in the glass,,Joanna,4,,,,,,,,
score,21,5,4,F,Get a ball in the glass,,Joel,3,,,,,,,,
score,21,5,4,F,Get a ball in the glass,,Kumail,1,,,,,,,,
score,21,5,5,L,Live: Swing ring onto thing,,Amy,1,,,,,,,,
score,21,5,5,L,Live: Swing ring onto thing,,Armando,4,,,,,,,,
score,21,5,5,L,Live: Swing ring onto thing,,Joanna,3,,,,,,,,
score,21,5,5,L,Live: Swing ring onto thing,,Joel,3,,,,,,,,
score,21,5,5,L,Live: Swing ring onto thing,,Kumail,5,,,,,,,,
pick,21,5,,,,Alex,Kumail,,,,,,,,,
pick,21,5,,,,Amanda,Joanna,,,,,,,,,
pick,21,5,,,,Amy,Kumail,,,,,,,,,
pick,21,5,,,,Blinky,Amy,,,,,,,,,
pick,21,5,,,,Brady,Joel,,,,,,,,,
pick,21,5,,,,Celia,Joanna,,,,,,,,,
pick,21,5,,,,Claire,Kumail,,,,,,,,,
pick,21,5,,,,Ellen,Kumail,,,,,,,,,
pick,21,5,,,,Elyse,Joel,,,,,,,,,
pick,21,5,,,,Emma,Kumail,,,,,,,,,
pick,21,5,,,,Jamie,Armando,,,,,,,,,
pick,21,5,,,,Jill,Amy,,,,,,,,,
pick,21,5,,,,Julia,Armando,,,,,,,,,
pick,21,5,,,,Katherine,Joel,,,,,,,,,
pick,21,5,,,,Kevin,Joanna,,,,,,,,,
pick,21,5,,,,Melissa,Amy,,,,,,,,,
pick,21,5,,,,Riley,Kumail,,,,,,,,,
episode,21,6,,,,,,,An even bigger spoon.,14 May 2026,,,,,,"The 200th Taskmaster episode. <strong>Kumail</strong> dominated with 20pts — his series high. Joanna, Joel, and Amy all tied on 16pts. Armando had his second-worst episode (11pts)."
score,21,6,1,P,Prize: Most embarrassing possession,,Amy,2,,,,,,,,
score,21,6,1,P,Prize: Most embarrassing possession,,Armando,2,,,,,,,,
score,21,6,1,P,Prize: Most embarrassing possession,,Joanna,5,,,,,,,,
score,21,6,1,P,Prize: Most embarrassing possession,,Joel,4,,,,,,,,
score,21,6,1,P,Prize: Most embarrassing possession,,Kumail,3,,,,,,,,
score,21,6,2,F,Be brave,,Amy,3,,,,,,,,
score,21,6,2,F,Be brave,,Armando,4,,,,,,,,
score,21,6,2,F,Be brave,,Joanna,2,,,,,,,,
score,21,6,2,F,Be brave,,Joel,4,,,,,,,,
score,21,6,2,F,Be brave,,Kumail,5,,,,,,,,
score,21,6,3,F,Win coconkers,,Amy,2,,,,,,,,
score,21,6,3,F,Win coconkers,,Armando,3,,,,,,,,
score,21,6,3,F,Win coconkers,,Joanna,4,,,,,,,,
score,21,6,3,F,Win coconkers,,Joel,1,,,,,,,,
score,21,6,3,F,Win coconkers,,Kumail,5,,,,,,,,
score,21,6,4,F,Photos: escalating-size things in mouth,,Amy,5,,,,,,,,
score,21,6,4,F,Photos: escalating-size things in mouth,,Armando,1,,,,,,,,
score,21,6,4,F,Photos: escalating-size things in mouth,,Joanna,3,,,,,,,,
score,21,6,4,F,Photos: escalating-size things in mouth,,Joel,4,,,,,,,,
score,21,6,4,F,Photos: escalating-size things in mouth,,Kumail,2,,,,,,,,
score,21,6,5,L,Live: Beanbags on opponents' faces,,Amy,4,,,,,,,,
score,21,6,5,L,Live: Beanbags on opponents' faces,,Armando,1,,,,,,,,
score,21,6,5,L,Live: Beanbags on opponents' faces,,Joanna,2,,,,,,,,
score,21,6,5,L,Live: Beanbags on opponents' faces,,Joel,3,,,,,,,,
score,21,6,5,L,Live: Beanbags on opponents' faces,,Kumail,5,,,,,,,,
pick,21,6,,,,Alex,Amy,,,,,,,,,
pick,21,6,,,,Amanda,Kumail,,,,,,,,,
pick,21,6,,,,Amy,Armando,,,,,,,,,
pick,21,6,,,,Blinky,Joel,,,,,,,,,
pick,21,6,,,,Brady,Joanna,,,,,,,,,
pick,21,6,,,,Celia,Amy,,,,,,,,,
pick,21,6,,,,Claire,Joel,,,,,,,,,
pick,21,6,,,,Ellen,Armando,,,,,,,,,
pick,21,6,,,,Elyse,Joanna,,,,,,,,,
pick,21,6,,,,Emma,Amy,,,,,,,,,
pick,21,6,,,,Jamie,Joanna,,,,,,,,,
pick,21,6,,,,Jill,Joanna,,,,,,,,,
pick,21,6,,,,Julia,Kumail,,,,,,,,,
pick,21,6,,,,Katherine,Kumail,,,,,,,,,
pick,21,6,,,,Kevin,Joanna,,,,,,,,,
pick,21,6,,,,Melissa,Joel,,,,,,,,,
pick,21,6,,,,Riley,Amy,,,,,,,,,
episode,21,7,,,,,,,Putting things on things.,21 May 2026,,,,,,"The series milestone episode. <strong>Armando wins convincingly with 22pts</strong> — his second episode victory — driven by a 14-point filmed haul and a perfect 5 in the live task. Kumail (19pts) continued his late-series surge. Amy, Joel, and Joanna all scored between 10 and 15pts. At the top of the league, Julia and Ellen are now tied on 117pts with three episodes remaining."
score,21,7,1,P,Best bumpy thing,,Amy,2,,,,,,,,
score,21,7,1,P,Best bumpy thing,,Armando,3,,,,,,,,
score,21,7,1,P,Best bumpy thing,,Joanna,1,,,,,,,,
score,21,7,1,P,Best bumpy thing,,Joel,4,,,,,,,,
score,21,7,1,P,Best bumpy thing,,Kumail,5,,,,,,,,
score,21,7,2,F,Turn on the telly,,Amy,0,,,,,,,,
score,21,7,2,F,Turn on the telly,,Armando,0,,,,,,,,
score,21,7,2,F,Turn on the telly,,Joanna,0,,,,,,,,
score,21,7,2,F,Turn on the telly,,Joel,0,,,,,,,,
score,21,7,2,F,Turn on the telly,,Kumail,5,,,,,,,,
score,21,7,3,F,Find and eat a doughnut,,Amy,2,,,,,,,,
score,21,7,3,F,Find and eat a doughnut,,Armando,4,,,,,,,,
score,21,7,3,F,Find and eat a doughnut,,Joanna,3,,,,,,,,
score,21,7,3,F,Find and eat a doughnut,,Joel,1,,,,,,,,
score,21,7,3,F,Find and eat a doughnut,,Kumail,0,,,,,,,,
score,21,7,4,T,Have serious fun in the lab,,Amy,2,,,,,,,,
score,21,7,4,T,Have serious fun in the lab,,Armando,5,,,,,,,,
score,21,7,4,T,Have serious fun in the lab,,Joanna,5,,,,,,,,
score,21,7,4,T,Have serious fun in the lab,,Joel,2,,,,,,,,
score,21,7,4,T,Have serious fun in the lab,,Kumail,2,,,,,,,,
score,21,7,5,F,Make the most socks stand up,,Amy,3,,,,,,,,
score,21,7,5,F,Make the most socks stand up,,Armando,5,,,,,,,,
score,21,7,5,F,Make the most socks stand up,,Joanna,2,,,,,,,,
score,21,7,5,F,Make the most socks stand up,,Joel,1,,,,,,,,
score,21,7,5,F,Make the most socks stand up,,Kumail,4,,,,,,,,
score,21,7,6,L,Live: Snort raspberry or whistle,,Amy,1,,,,,,,,
score,21,7,6,L,Live: Snort raspberry or whistle,,Armando,5,,,,,,,,
score,21,7,6,L,Live: Snort raspberry or whistle,,Joanna,4,,,,,,,,
score,21,7,6,L,Live: Snort raspberry or whistle,,Joel,2,,,,,,,,
score,21,7,6,L,Live: Snort raspberry or whistle,,Kumail,3,,,,,,,,
pick,21,7,,,,Alex,Armando,,,,,,,,,
pick,21,7,,,,Amanda,Joel,,,,,,,,,
pick,21,7,,,,Amy,Amy,,,,,,,,,
pick,21,7,,,,Blinky,Kumail,,,,,,,,,
pick,21,7,,,,Brady,Joel,,,,,,,,,
pick,21,7,,,,Celia,Kumail,,,,,,,,,
pick,21,7,,,,Claire,Joanna,,,,,,,,,
pick,21,7,,,,Ellen,Joanna,,,,,,,,,
pick,21,7,,,,Elyse,Joel,,,,,,,,,
pick,21,7,,,,Emma,Kumail,,,,,,,,,
pick,21,7,,,,Jamie,Amy,,,,,,,,,
pick,21,7,,,,Jill,Amy,,,,,,,,,
pick,21,7,,,,Julia,Joel,,,,,,,,,
pick,21,7,,,,Katherine,Amy,,,,,,,,,
pick,21,7,,,,Kevin,Joanna,,,,,,,,,
pick,21,7,,,,Melissa,Joanna,,,,,,,,,
pick,21,7,,,,Riley,Joel,,,,,,,,,
episode,21,8,,,,,,,I don't got any.,28 May 2026,,,,,,"<strong>Amy</strong> wins ep8 with 19pts — her second win. She swept the filmed tasks. Armando and Joanna tied on 18pts with a joint live task win. Joel had a quiet episode (13pts), his joint-second-lowest of the series. Kumail won the prize task with 5pts."
score,21,8,1,P,Prize: Ordinary household object with most personality,,Amy,3,,,,,,,,
score,21,8,1,P,Prize: Ordinary household object with most personality,,Armando,3,,,,,,,,
score,21,8,1,P,Prize: Ordinary household object with most personality,,Joanna,4,,,,,,,,
score,21,8,1,P,Prize: Ordinary household object with most personality,,Joel,2,,,,,,,,
score,21,8,1,P,Prize: Ordinary household object with most personality,,Kumail,5,,,,,,,,
score,21,8,2,F,Censor yourself unnecessarily,,Amy,5,,,,,,,,
score,21,8,2,F,Censor yourself unnecessarily,,Armando,4,,,,,,,,
score,21,8,2,F,Censor yourself unnecessarily,,Joanna,4,,,,,,,,
score,21,8,2,F,Censor yourself unnecessarily,,Joel,4,,,,,,,,
score,21,8,2,F,Censor yourself unnecessarily,,Kumail,4,,,,,,,,
score,21,8,3,F,Most photos featuring 50% of Alex,,Amy,4,,,,,,,,
score,21,8,3,F,Most photos featuring 50% of Alex,,Armando,4,,,,,,,,
score,21,8,3,F,Most photos featuring 50% of Alex,,Joanna,2,,,,,,,,
score,21,8,3,F,Most photos featuring 50% of Alex,,Joel,1,,,,,,,,
score,21,8,3,F,Most photos featuring 50% of Alex,,Kumail,5,,,,,,,,
score,21,8,4,F,"Nuts and nails in nappy, don't look away",,Amy,5,,,,,,,,
score,21,8,4,F,"Nuts and nails in nappy, don't look away",,Armando,2,,,,,,,,
score,21,8,4,F,"Nuts and nails in nappy, don't look away",,Joanna,3,,,,,,,,
score,21,8,4,F,"Nuts and nails in nappy, don't look away",,Joel,4,,,,,,,,
score,21,8,4,F,"Nuts and nails in nappy, don't look away",,Kumail,1,,,,,,,,
score,21,8,5,L,Team Live: Mop bearer with mask,,Amy,2,,,,,,,,
score,21,8,5,L,Team Live: Mop bearer with mask,,Armando,5,,,,,,,,
score,21,8,5,L,Team Live: Mop bearer with mask,,Joanna,5,,,,,,,,
score,21,8,5,L,Team Live: Mop bearer with mask,,Joel,2,,,,,,,,
score,21,8,5,L,Team Live: Mop bearer with mask,,Kumail,2,,,,,,,,
pick,21,8,,,,Alex,Joel,,,,,,,,,
pick,21,8,,,,Amanda,Joanna,,,,,,,,,
pick,21,8,,,,Amy,Armando,,,,,,,,,
pick,21,8,,,,Blinky,Joanna,,,,,,,,,
pick,21,8,,,,Brady,Joel,,,,,,,,,
pick,21,8,,,,Celia,Amy,,,,,,,,,
pick,21,8,,,,Claire,Kumail,,,,,,,,,
pick,21,8,,,,Ellen,Joanna,,,,,,,,,
pick,21,8,,,,Elyse,Amy,,,,,,,,,
pick,21,8,,,,Emma,Joanna,,,,,,,,,
pick,21,8,,,,Jamie,Kumail,,,,,,,,,
pick,21,8,,,,Jill,Joel,,,,,,,,,
pick,21,8,,,,Katherine,Joanna,,,,,,,,,
pick,21,8,,,,Kevin,Amy,,,,,,,,,
pick,21,8,,,,Melissa,Joel,,,,,,,,,
pick,21,8,,,,Riley,Kumail,,,,,,,,,
episode,21,9,,,,,,,Maybe someone else wrote Veep?,4 Jun 2026,,,,,,"<strong>Armando</strong> wins ep9 with 17pts — his third episode win, equalling Amy. Joel 2nd on 16pts. Joanna and Kumail tied 3rd on 14pts. Amy continued a quiet stretch (13pts) — her post-win form has cooled since ep8. Kevin's Armando pick (17pts) was the standout call."
score,21,9,1,P,Prize: Thing to winch from a well,,Amy,5,,,,,,,,
score,21,9,1,P,Prize: Thing to winch from a well,,Armando,4,,,,,,,,
score,21,9,1,P,Prize: Thing to winch from a well,,Joanna,3,,,,,,,,
score,21,9,1,P,Prize: Thing to winch from a well,,Joel,2,,,,,,,,
score,21,9,1,P,Prize: Thing to winch from a well,,Kumail,1,,,,,,,,
score,21,9,2,F,Work out what powers the bulb,,Amy,2,,,,,,,,
score,21,9,2,F,Work out what powers the bulb,,Armando,DQ,,,,,,,,
score,21,9,2,F,Work out what powers the bulb,,Joanna,5,,,,,,,,
score,21,9,2,F,Work out what powers the bulb,,Joel,4,,,,,,,,
score,21,9,2,F,Work out what powers the bulb,,Kumail,3,,,,,,,,
score,21,9,3,F,Leave most pink balls on other side,,Amy,1,,,,,,,,
score,21,9,3,F,Leave most pink balls on other side,,Armando,5,,,,,,,,
score,21,9,3,F,Leave most pink balls on other side,,Joanna,3,,,,,,,,
score,21,9,3,F,Leave most pink balls on other side,,Joel,2,,,,,,,,
score,21,9,3,F,Leave most pink balls on other side,,Kumail,4,,,,,,,,
score,21,9,4,F,Catch a flip-flop with one foot,,Amy,4,,,,,,,,
score,21,9,4,F,Catch a flip-flop with one foot,,Armando,3,,,,,,,,
score,21,9,4,F,Catch a flip-flop with one foot,,Joanna,1,,,,,,,,
score,21,9,4,F,Catch a flip-flop with one foot,,Joel,5,,,,,,,,
score,21,9,4,F,Catch a flip-flop with one foot,,Kumail,2,,,,,,,,
score,21,9,5,L,Live: Correct sock on appendage,,Amy,1,,,,,,,,
score,21,9,5,L,Live: Correct sock on appendage,,Armando,5,,,,,,,,
score,21,9,5,L,Live: Correct sock on appendage,,Joanna,2,,,,,,,,
score,21,9,5,L,Live: Correct sock on appendage,,Joel,3,,,,,,,,
score,21,9,5,L,Live: Correct sock on appendage,,Kumail,4,,,,,,,,
pick,21,9,,,,Alex,Kumail,,,,,,,,,
pick,21,9,,,,Amanda,Amy,,,,,,,,,
pick,21,9,,,,Amy,Joel,,,,,,,,,
pick,21,9,,,,Blinky,Amy,,,,,,,,,
pick,21,9,,,,Brady,Kumail,,,,,,,,,
pick,21,9,,,,Celia,Armando,,,,,,,,,
pick,21,9,,,,Claire,Joanna,,,,,,,,,
pick,21,9,,,,Ellen,Joel,,,,,,,,,
pick,21,9,,,,Elyse,Kumail,,,,,,,,,
pick,21,9,,,,Emma,Joel,,,,,,,,,
pick,21,9,,,,Jamie,Joanna,,,,,,,,,
pick,21,9,,,,Jill,Kumail,,,,,,,,,
pick,21,9,,,,Julia,Amy,,,,,,,,,
pick,21,9,,,,Katherine,Kumail,,,,,,,,,
pick,21,9,,,,Kevin,Armando,,,,,,,,,
pick,21,9,,,,Melissa,Kumail,,,,,,,,,
pick,21,9,,,,Riley,Joel,,,,,,,,,
episode,21,10,,,,,,,Domestic bumfluff.,11 Jun 2026,,,,,,"<strong>Joel</strong> wins the finale with 23pts — his best episode. <strong>Armando</strong> 2nd on 20pts. Joanna 3rd on 16pts. <strong>Joanna wins Series 21</strong> with 165pts overall (Amy 155, Armando 161, Kumail 160, Joel 150). In the fantasy league, Kevin and Claire both picked Armando (20pts) for the finale — the identical call that vaulted them level at the top, 165pts apiece, for a shared league title."
score,21,10,1,P,Prize: Object most likely to make you say oh yeah quality,,Amy,1,,,,,,,,
score,21,10,1,P,Prize: Object most likely to make you say oh yeah quality,,Armando,5,,,,,,,,
score,21,10,1,P,Prize: Object most likely to make you say oh yeah quality,,Joanna,4,,,,,,,,
score,21,10,1,P,Prize: Object most likely to make you say oh yeah quality,,Joel,3,,,,,,,,
score,21,10,1,P,Prize: Object most likely to make you say oh yeah quality,,Kumail,2,,,,,,,,
score,21,10,2,F,"Fill egg cup with lint, stop clock at 10 seconds",,Amy,1,,,,,,,,
score,21,10,2,F,"Fill egg cup with lint, stop clock at 10 seconds",,Armando,4,,,,,,,,
score,21,10,2,F,"Fill egg cup with lint, stop clock at 10 seconds",,Joanna,3,,,,,,,,
score,21,10,2,F,"Fill egg cup with lint, stop clock at 10 seconds",,Joel,5,,,,,,,,
score,21,10,2,F,"Fill egg cup with lint, stop clock at 10 seconds",,Kumail,2,,,,,,,,
score,21,10,3,F,Most exhilarating near-miss with paint balloon,,Amy,2,,,,,,,,
score,21,10,3,F,Most exhilarating near-miss with paint balloon,,Armando,4,,,,,,,,
score,21,10,3,F,Most exhilarating near-miss with paint balloon,,Joanna,3,,,,,,,,
score,21,10,3,F,Most exhilarating near-miss with paint balloon,,Joel,5,,,,,,,,
score,21,10,3,F,Most exhilarating near-miss with paint balloon,,Kumail,2,,,,,,,,
score,21,10,4,T,Team: Greatest pillow fight of all time,,Amy,5,,,,,,,,
score,21,10,4,T,Team: Greatest pillow fight of all time,,Armando,5,,,,,,,,
score,21,10,4,T,Team: Greatest pillow fight of all time,,Joanna,5,,,,,,,,
score,21,10,4,T,Team: Greatest pillow fight of all time,,Joel,5,,,,,,,,
score,21,10,4,T,Team: Greatest pillow fight of all time,,Kumail,5,,,,,,,,
score,21,10,5,L,Live: Chuck your duck in your buck,,Amy,3,,,,,,,,
score,21,10,5,L,Live: Chuck your duck in your buck,,Armando,2,,,,,,,,
score,21,10,5,L,Live: Chuck your duck in your buck,,Joanna,1,,,,,,,,
score,21,10,5,L,Live: Chuck your duck in your buck,,Joel,5,,,,,,,,
score,21,10,5,L,Live: Chuck your duck in your buck,,Kumail,4,,,,,,,,
pick,21,10,,,,Alex,Joel,,,,,,,,,
pick,21,10,,,,Amanda,Kumail,,,,,,,,,
pick,21,10,,,,Amy,Kumail,,,,,,,,,
pick,21,10,,,,Blinky,Kumail,,,,,,,,,
pick,21,10,,,,Brady,Joel,,,,,,,,,
pick,21,10,,,,Celia,Joanna,,,,,,,,,
pick,21,10,,,,Claire,Armando,,,,,,,,,
pick,21,10,,,,Ellen,Amy,,,,,,,,,
pick,21,10,,,,Elyse,Joanna,,,,,,,,,
pick,21,10,,,,Emma,Amy,,,,,,,,,
pick,21,10,,,,Jamie,Joanna,,,,,,,,,
pick,21,10,,,,Jill,Joel,,,,,,,,,
pick,21,10,,,,Kevin,Armando,,,,,,,,,
pick,21,10,,,,Melissa,Joanna,,,,,,,,,
pick,21,10,,,,Riley,Amy,,,,,,,,,
contestant,22,,,,,,Chloe,,,,,Chloe Petts,#e0645b,img/s22/chloe-portrait.webp,<strong>Chloe Petts</strong> is a critically acclaimed stand-up and an Edinburgh Fringe favourite.,
contestant,22,,,,,,Isy,,,,,Isy Suttie,#4caf7d,img/s22/isy-portrait.webp,"<strong>Isy Suttie</strong> is an award-winning comedian, writer, songwriter and actor, best known as Dobby in Peep Show.",
contestant,22,,,,,,Matt,,,,,Matt Lucas,#e0a030,img/s22/matt-portrait.webp,"<strong>Matt Lucas</strong> is a BAFTA-winning actor, comedian, author and presenter: co-creator of Little Britain, George Dawes on Shooting Stars, Nardole in Doctor Who and a former Great British Bake Off host.",
contestant,22,,,,,,Nina,,,,,Nina Conti,#b060e0,img/s22/nina-portrait.webp,"<strong>Nina Conti</strong> is an actor, comedian and ventriloquist, known for her foul-mouthed puppet Monk and for turning audience members into human puppets with half-masks.",
contestant,22,,,,,,Richard,,,,,Richard Ayoade,#4a90d9,img/s22/richard-portrait.webp,"<strong>Richard Ayoade</strong> is a multi-award-winning comedian, actor, writer and director: Moss in The IT Crowd, director of Submarine and The Double, and host of Travel Man.",
player,22,,,,,Alex,,,,,,,,,,
player,22,,,,,Amanda,,,,,,,,,,
player,22,,,,,Amy,,,,,,,,,,
player,22,,,,,Blinky,,,,,,,,,,
player,22,,,,,Brady,,,,,,,,,,
player,22,,,,,Celia,,,,,,,,,,
player,22,,,,,Claire,,,,,,,,,,
player,22,,,,,Elyse,,,,,,,,,,
player,22,,,,,Emma,,,,,,,,,,
player,22,,,,,Jamie,,,,,,,,,,
player,22,,,,,Jill,,,,,,,,,,
player,22,,,,,Julia,,,,,,,,,,
player,22,,,,,Kevin,,,,,,,,,,
player,22,,,,,Melissa,,,,,,,,,,
player,22,,,,,Riley,,,,,,,,,,
episode,22,1,,,,,,,In My Mind There's a River,3 Sep 2026,,,,,,"<strong>Chloe Petts</strong> wins the series opener with 19pts. Matt Lucas's 1:37 golden-apple run was untouchable — Isy Suttie and Richard Ayoade were both disqualified on it. Chloe and Nina Conti tied for the best self-duet (5pts each), and Richard's belt-item recall (5pts) was the only bright spot in an otherwise rough week for him (13pts, joint-last with Isy)."
score,22,1,1,P,Prize: The droopiest object,,Chloe,2,,,,,,,,
score,22,1,1,P,Prize: The droopiest object,,Isy,5,,,,,,,,
score,22,1,1,P,Prize: The droopiest object,,Matt,3,,,,,,,,
score,22,1,1,P,Prize: The droopiest object,,Nina,4,,,,,,,,
score,22,1,1,P,Prize: The droopiest object,,Richard,1,,,,,,,,
score,22,1,2,F,Golden apple on the golden plate,,Chloe,3,,,,,,,,
score,22,1,2,F,Golden apple on the golden plate,,Isy,DQ,,,,,,,,
score,22,1,2,F,Golden apple on the golden plate,,Matt,5,,,,,,,,
score,22,1,2,F,Golden apple on the golden plate,,Nina,4,,,,,,,,
score,22,1,2,F,Golden apple on the golden plate,,Richard,DQ,,,,,,,,
score,22,1,3,T,Team: Move the bed (team),,Chloe,5,,,,,,,,
score,22,1,3,T,Team: Move the bed (team),,Isy,2,,,,,,,,
score,22,1,3,T,Team: Move the bed (team),,Matt,5,,,,,,,,
score,22,1,3,T,Team: Move the bed (team),,Nina,2,,,,,,,,
score,22,1,3,T,Team: Move the bed (team),,Richard,5,,,,,,,,
score,22,1,4,F,Self duet,,Chloe,5,,,,,,,,
score,22,1,4,F,Self duet,,Isy,4,,,,,,,,
score,22,1,4,F,Self duet,,Matt,3,,,,,,,,
score,22,1,4,F,Self duet,,Nina,5,,,,,,,,
score,22,1,4,F,Self duet,,Richard,2,,,,,,,,
score,22,1,5,L,Live: Belt items on command,,Chloe,4,,,,,,,,
score,22,1,5,L,Live: Belt items on command,,Isy,2,,,,,,,,
score,22,1,5,L,Live: Belt items on command,,Matt,1,,,,,,,,
score,22,1,5,L,Live: Belt items on command,,Nina,3,,,,,,,,
score,22,1,5,L,Live: Belt items on command,,Richard,5,,,,,,,,
pick,22,1,,,,Alex,Matt,,,,,,,,,
pick,22,1,,,,Amanda,Chloe,,,,,,,,,
pick,22,1,,,,Amy,Chloe,,,,,,,,,
pick,22,1,,,,Blinky,Isy,,,,,,,,,
pick,22,1,,,,Brady,Matt,,,,,,,,,
pick,22,1,,,,Celia,Matt,,,,,,,,,
pick,22,1,,,,Claire,Nina,,,,,,,,,
pick,22,1,,,,Elyse,Isy,,,,,,,,,
pick,22,1,,,,Emma,Nina,,,,,,,,,
pick,22,1,,,,Jamie,Chloe,,,,,,,,,
pick,22,1,,,,Jill,Matt,,,,,,,,,
pick,22,1,,,,Julia,Nina,,,,,,,,,
pick,22,1,,,,Kevin,Richard,,,,,,,,,
pick,22,1,,,,Melissa,Isy,,,,,,,,,
pick,22,1,,,,Riley,Richard,,,,,,,,,
episode,22,2,,,,,,,This Is Food Glue,10 Sep 2026,Richard,,,,,"<strong>Richard Ayoade</strong> wins This Is Food Glue on a tiebreak — guessing a liquid's temperature to the exact degree — over Matt Lucas and Nina Conti, all locked on 14pts. Isy Suttie's live paddle-game win (5pts) kept her competitive on 13pts. Chloe Petts had the series' worst week so far: 8pts, including a zero on the three-part beans/buggy/bounce task that only Nina and Richard actually completed."
score,22,2,1,P,Prize: A gift that wouldn't make the Taskmaster jealous,,Chloe,4,,,,,,,,
score,22,2,1,P,Prize: A gift that wouldn't make the Taskmaster jealous,,Isy,5,,,,,,,,
score,22,2,1,P,Prize: A gift that wouldn't make the Taskmaster jealous,,Matt,3,,,,,,,,
score,22,2,1,P,Prize: A gift that wouldn't make the Taskmaster jealous,,Nina,1,,,,,,,,
score,22,2,1,P,Prize: A gift that wouldn't make the Taskmaster jealous,,Richard,2,,,,,,,,
score,22,2,2,F,Height of the baked-bean tower,,Chloe,2,,,,,,,,
score,22,2,2,F,Height of the baked-bean tower,,Isy,1,,,,,,,,
score,22,2,2,F,Height of the baked-bean tower,,Matt,3,,,,,,,,
score,22,2,2,F,Height of the baked-bean tower,,Nina,4,,,,,,,,
score,22,2,2,F,Height of the baked-bean tower,,Richard,5,,,,,,,,
score,22,2,3,F,Face on a piece of toast,,Chloe,1,,,,,,,,
score,22,2,3,F,Face on a piece of toast,,Isy,2,,,,,,,,
score,22,2,3,F,Face on a piece of toast,,Matt,5,,,,,,,,
score,22,2,3,F,Face on a piece of toast,,Nina,4,,,,,,,,
score,22,2,3,F,Face on a piece of toast,,Richard,3,,,,,,,,
score,22,2,4,F,"Buggy, bounce or beans (pick a number)",,Chloe,0,,,,,,,,
score,22,2,4,F,"Buggy, bounce or beans (pick a number)",,Isy,0,,,,,,,,
score,22,2,4,F,"Buggy, bounce or beans (pick a number)",,Matt,0,,,,,,,,
score,22,2,4,F,"Buggy, bounce or beans (pick a number)",,Nina,5,,,,,,,,
score,22,2,4,F,"Buggy, bounce or beans (pick a number)",,Richard,4,,,,,,,,
score,22,2,5,L,Live: Get to the centre spot,,Chloe,1,,,,,,,,
score,22,2,5,L,Live: Get to the centre spot,,Isy,5,,,,,,,,
score,22,2,5,L,Live: Get to the centre spot,,Matt,3,,,,,,,,
score,22,2,5,L,Live: Get to the centre spot,,Nina,0,,,,,,,,
score,22,2,5,L,Live: Get to the centre spot,,Richard,0,,,,,,,,
pick,22,2,,,,Alex,Chloe,,,,,,,,,
pick,22,2,,,,Amanda,Isy,,,,,,,,,
pick,22,2,,,,Amy,Isy,,,,,,,,,
pick,22,2,,,,Blinky,Richard,,,,,,,,,
pick,22,2,,,,Brady,Nina,,,,,,,,,
pick,22,2,,,,Celia,Matt,,,,,,,,,
pick,22,2,,,,Claire,Matt,,,,,,,,,
pick,22,2,,,,Elyse,Richard,,,,,,,,,
pick,22,2,,,,Emma,Chloe,,,,,,,,,
pick,22,2,,,,Jamie,Richard,,,,,,,,,
pick,22,2,,,,Jill,Richard,,,,,,,,,
pick,22,2,,,,Julia,Isy,,,,,,,,,
pick,22,2,,,,Kevin,Chloe,,,,,,,,,
pick,22,2,,,,Melissa,Nina,,,,,,,,,
pick,22,2,,,,Riley,Matt,,,,,,,,,
episode,22,3,,,,,,,The Butterfly Centurion,17 Sep 2026,,,,,,"<strong>Chloe Petts</strong> wins The Butterfly Centurion with 21pts, bouncing straight back from the previous week's low. Nina Conti had the strongest underlying week — winning three of the five tasks (gleek, before & after photos, form & noughts) — but a disqualification on the live coloured-rolls task (0pts, one of three contestants DQ'd for moving multiple rolls at once) left her 2nd on 17pts. Isy Suttie had the toughest week, 9pts, propping up the table."
score,22,3,1,P,Prize: Safety item,,Chloe,4,,,,,,,,
score,22,3,1,P,Prize: Safety item,,Isy,1,,,,,,,,
score,22,3,1,P,Prize: Safety item,,Matt,5,,,,,,,,
score,22,3,1,P,Prize: Safety item,,Nina,2,,,,,,,,
score,22,3,1,P,Prize: Safety item,,Richard,3,,,,,,,,
score,22,3,2,F,Gleek,,Chloe,3,,,,,,,,
score,22,3,2,F,Gleek,,Isy,1,,,,,,,,
score,22,3,2,F,Gleek,,Matt,2,,,,,,,,
score,22,3,2,F,Gleek,,Nina,5,,,,,,,,
score,22,3,2,F,Gleek,,Richard,4,,,,,,,,
score,22,3,3,F,Before & after photos,,Chloe,6,,,,,,,,
score,22,3,3,F,Before & after photos,,Isy,3,,,,,,,,
score,22,3,3,F,Before & after photos,,Matt,1,,,,,,,,
score,22,3,3,F,Before & after photos,,Nina,5,,,,,,,,
score,22,3,3,F,Before & after photos,,Richard,3,,,,,,,,
score,22,3,4,F,"Form, then noughts and crosses",,Chloe,3,,,,,,,,
score,22,3,4,F,"Form, then noughts and crosses",,Isy,4,,,,,,,,
score,22,3,4,F,"Form, then noughts and crosses",,Matt,2,,,,,,,,
score,22,3,4,F,"Form, then noughts and crosses",,Nina,5,,,,,,,,
score,22,3,4,F,"Form, then noughts and crosses",,Richard,1,,,,,,,,
score,22,3,5,L,Live: Coloured rolls on poles,,Chloe,5,,,,,,,,
score,22,3,5,L,Live: Coloured rolls on poles,,Isy,DQ,,,,,,,,
score,22,3,5,L,Live: Coloured rolls on poles,,Matt,3,,,,,,,,
score,22,3,5,L,Live: Coloured rolls on poles,,Nina,DQ,,,,,,,,
score,22,3,5,L,Live: Coloured rolls on poles,,Richard,DQ,,,,,,,,
pick,22,3,,,,Alex,Isy,,,,,,,,,
pick,22,3,,,,Amanda,Richard,,,,,,,,,
pick,22,3,,,,Amy,Nina,,,,,,,,,
pick,22,3,,,,Blinky,Nina,,,,,,,,,
pick,22,3,,,,Brady,Richard,,,,,,,,,
pick,22,3,,,,Celia,Richard,,,,,,,,,
pick,22,3,,,,Claire,Isy,,,,,,,,,
pick,22,3,,,,Elyse,Chloe,,,,,,,,,
pick,22,3,,,,Emma,Matt,,,,,,,,,
pick,22,3,,,,Jamie,Isy,,,,,,,,,
pick,22,3,,,,Jill,Isy,,,,,,,,,
pick,22,3,,,,Julia,Chloe,,,,,,,,,
pick,22,3,,,,Kevin,Matt,,,,,,,,,
pick,22,3,,,,Melissa,Matt,,,,,,,,,
pick,22,3,,,,Riley,Chloe,,,,,,,,,
episode,22,4,,,,,,,An Act of Self-Erasure,24 Sep 2026,,,,,,"<strong>Isy Suttie</strong> wins An Act of Self-Erasure with a dominant 24pts — top or joint-top on four of the five tasks, including the earpiece-identity task and the live Bayeux Tapestry drawing. Nina Conti was a distant 2nd on 21pts. Richard Ayoade had his toughest week yet: 9pts, including a zero on the earpiece task after failing to convince anyone either way."
score,22,4,1,P,Prize: Juiciest thing,,Chloe,3,,,,,,,,
score,22,4,1,P,Prize: Juiciest thing,,Isy,5,,,,,,,,
score,22,4,1,P,Prize: Juiciest thing,,Matt,3,,,,,,,,
score,22,4,1,P,Prize: Juiciest thing,,Nina,4,,,,,,,,
score,22,4,1,P,Prize: Juiciest thing,,Richard,2,,,,,,,,
score,22,4,2,F,Find the actual task (everything's a question),,Chloe,2,,,,,,,,
score,22,4,2,F,Find the actual task (everything's a question),,Isy,5,,,,,,,,
score,22,4,2,F,Find the actual task (everything's a question),,Matt,3,,,,,,,,
score,22,4,2,F,Find the actual task (everything's a question),,Nina,4,,,,,,,,
score,22,4,2,F,Find the actual task (everything's a question),,Richard,1,,,,,,,,
score,22,4,3,T,Team: Most powerful armpit art,,Chloe,4,,,,,,,,
score,22,4,3,T,Team: Most powerful armpit art,,Isy,5,,,,,,,,
score,22,4,3,T,Team: Most powerful armpit art,,Matt,4,,,,,,,,
score,22,4,3,T,Team: Most powerful armpit art,,Nina,5,,,,,,,,
score,22,4,3,T,Team: Most powerful armpit art,,Richard,4,,,,,,,,
score,22,4,4,F,Identify (or hide) the earpiece wearer,,Chloe,5,,,,,,,,
score,22,4,4,F,Identify (or hide) the earpiece wearer,,Isy,5,,,,,,,,
score,22,4,4,F,Identify (or hide) the earpiece wearer,,Matt,0,,,,,,,,
score,22,4,4,F,Identify (or hide) the earpiece wearer,,Nina,5,,,,,,,,
score,22,4,4,F,Identify (or hide) the earpiece wearer,,Richard,DQ,,,,,,,,
score,22,4,5,L,Live: Draw the Bayeux Tapestry,,Chloe,5,,,,,,,,
score,22,4,5,L,Live: Draw the Bayeux Tapestry,,Isy,4,,,,,,,,
score,22,4,5,L,Live: Draw the Bayeux Tapestry,,Matt,2,,,,,,,,
score,22,4,5,L,Live: Draw the Bayeux Tapestry,,Nina,3,,,,,,,,
score,22,4,5,L,Live: Draw the Bayeux Tapestry,,Richard,2,,,,,,,,
pick,22,4,,,,Alex,Richard,,,,,,,,,
pick,22,4,,,,Amanda,Matt,,,,,,,,,
pick,22,4,,,,Amy,Matt,,,,,,,,,
pick,22,4,,,,Blinky,Matt,,,,,,,,,
pick,22,4,,,,Brady,Chloe,,,,,,,,,
pick,22,4,,,,Celia,Nina,,,,,,,,,
pick,22,4,,,,Claire,Chloe,,,,,,,,,
pick,22,4,,,,Elyse,Matt,,,,,,,,,
pick,22,4,,,,Emma,Richard,,,,,,,,,
pick,22,4,,,,Jamie,Nina,,,,,,,,,
pick,22,4,,,,Jill,Chloe,,,,,,,,,
pick,22,4,,,,Julia,Richard,,,,,,,,,
pick,22,4,,,,Kevin,Isy,,,,,,,,,
pick,22,4,,,,Melissa,Richard,,,,,,,,,
pick,22,4,,,,Riley,Chloe,,,,,,,,,
episode,22,5,,,,,,,You're Nice,1 Oct 2026,,,,,,
score,22,5,1,P,Prize: The item that most deserves to be handled with a velvet glove,,Chloe,3,,,,,,,,
score,22,5,1,P,Prize: The item that most deserves to be handled with a velvet glove,,Isy,1,,,,,,,,
score,22,5,1,P,Prize: The item that most deserves to be handled with a velvet glove,,Matt,5,,,,,,,,
score,22,5,1,P,Prize: The item that most deserves to be handled with a velvet glove,,Nina,2,,,,,,,,
score,22,5,1,P,Prize: The item that most deserves to be handled with a velvet glove,,Richard,4,,,,,,,,
score,22,5,2,F,Hide from Alex wearing this arrow on your head at all times,,Chloe,5,,,,,,,,
score,22,5,2,F,Hide from Alex wearing this arrow on your head at all times,,Isy,4,,,,,,,,
score,22,5,2,F,Hide from Alex wearing this arrow on your head at all times,,Matt,3,,,,,,,,
score,22,5,2,F,Hide from Alex wearing this arrow on your head at all times,,Nina,2,,,,,,,,
score,22,5,2,F,Hide from Alex wearing this arrow on your head at all times,,Richard,1,,,,,,,,
score,22,5,3,F,Learn the name of every country in the world according to FIFA,,Chloe,5,,,,,,,,
score,22,5,3,F,Learn the name of every country in the world according to FIFA,,Isy,2,,,,,,,,
score,22,5,3,F,Learn the name of every country in the world according to FIFA,,Matt,3,,,,,,,,
score,22,5,3,F,Learn the name of every country in the world according to FIFA,,Nina,4,,,,,,,,
score,22,5,3,F,Learn the name of every country in the world according to FIFA,,Richard,1,,,,,,,,
score,22,5,4,F,"Disobey all instructions that start with ""Alex says""",,Chloe,3,,,,,,,,
score,22,5,4,F,"Disobey all instructions that start with ""Alex says""",,Isy,5,,,,,,,,
score,22,5,4,F,"Disobey all instructions that start with ""Alex says""",,Matt,5,,,,,,,,
score,22,5,4,F,"Disobey all instructions that start with ""Alex says""",,Nina,1,,,,,,,,
score,22,5,4,F,"Disobey all instructions that start with ""Alex says""",,Richard,3,,,,,,,,
score,22,5,5,L,Live: Snag the snake,,Chloe,5,,,,,,,,
score,22,5,5,L,Live: Snag the snake,,Isy,0,,,,,,,,
score,22,5,5,L,Live: Snag the snake,,Matt,0,,,,,,,,
score,22,5,5,L,Live: Snag the snake,,Nina,-1,,,,,,,,
score,22,5,5,L,Live: Snag the snake,,Richard,0,,,,,,,,
pick,22,5,,,,Alex,Nina,,,,,,,,,
pick,22,5,,,,Amanda,Chloe,,,,,,,,,
pick,22,5,,,,Amy,Matt,,,,,,,,,
pick,22,5,,,,Blinky,Matt,,,,,,,,,
pick,22,5,,,,Brady,Isy,,,,,,,,,
pick,22,5,,,,Celia,Chloe,,,,,,,,,
pick,22,5,,,,Claire,Richard,,,,,,,,,
pick,22,5,,,,Elyse,Nina,,,,,,,,,
pick,22,5,,,,Emma,Isy,,,,,,,,,
pick,22,5,,,,Jamie,Matt,,,,,,,,,
pick,22,5,,,,Jill,Richard,,,,,,,,,
pick,22,5,,,,Julia,Isy,,,,,,,,,
pick,22,5,,,,Kevin,Nina,,,,,,,,,
pick,22,5,,,,Melissa,Chloe,,,,,,,,,
pick,22,5,,,,Riley,Richard,,,,,,,,,
episode,22,6,,,,,,,To Void an Oblong,8 Oct 2026,,,,,,
episode,22,7,,,,,,,The Oldest I've Ever Looked,15 Oct 2026,,,,,,
episode,22,8,,,,,,,Episode 8,22 Oct 2026,,,,,,
episode,22,9,,,,,,,Episode 9,29 Oct 2026,,,,,,
episode,22,10,,,,,,,Episode 10,5 Nov 2026,,,,,,
